StateCode,State,Model_Class,Rank,Order,Selection_RMSE,Holdout_RMSE,AIC,BIC
CAICLAIMS,California,ARIMA,1,"(8, 1, 0)",4599.133635902525,4599.133635902525,45577.50566745484,45627.87771739814
CAICLAIMS,California,ARIMA,2,"(4, 1, 0)",4602.985241855739,4602.985241855739,45662.46805716007,45690.45252935079
CAICLAIMS,California,ARIMA,3,"(5, 1, 0)",4621.719435484413,4621.719435484413,45658.3385222044,45691.91988883327
CAICLAIMS,California,ARIMA,4,"(7, 1, 0)",4635.105156724823,4635.105156724823,45604.58861581241,45649.36377131757
CAICLAIMS,California,ARIMA,5,"(6, 1, 0)",4664.117129392362,4664.117129392362,45609.98377109361,45649.162032160624
CAICLAIMS,California,ARIMA,6,"(0, 1, 3)",4681.732348056983,4681.732348056983,45644.78959685304,45667.17717460561
CAICLAIMS,California,ARIMA,7,"(0, 1, 2)",4682.994750714361,4682.994750714361,45710.97151914499,45727.762202459424
CAICLAIMS,California,ARIMA,8,"(3, 1, 0)",4688.866776928615,4688.866776928615,45709.97192455883,45732.3595023114
CAICLAIMS,California,ARIMA,9,"(0, 1, 4)",4756.924461166912,4756.924461166912,45560.17457129316,45588.15904348388
CAICLAIMS,California,ARIMA,10,"(2, 1, 2)",4764.089503912384,4764.089503912384,45571.389217977645,45599.373690168366
CAICLAIMS,California,Rolling-CV SARIMAX,1,"(0, 1, 1)",47304.28455663991,5712.828627762857,36588.53119332471,36642.91635177904
CAICLAIMS,California,Rolling-CV SARIMAX,2,"(1, 1, 0)",47526.39163077348,5723.092718494096,36835.70879548887,36890.09985036144
CAICLAIMS,California,Rolling-CV SARIMAX,3,"(0, 1, 0)",47813.57571195903,5751.057816432935,48112.08174824945,48161.03369763477
CAICLAIMS,California,Rolling-CV SARIMAX,4,"(0, 1, 5)",47894.91050930031,5066.3592524567985,36421.70504552413,36497.811198380376
CAICLAIMS,California,Rolling-CV SARIMAX,5,"(2, 1, 3)",48726.63894097141,4927.43470568918,36551.11018097035,36627.23287813577
CAICLAIMS,California,Rolling-CV SARIMAX,6,"(1, 1, 6)",49272.63990717447,4974.135072149954,36396.59565219567,36483.56465027855
CAICLAIMS,California,Rolling-CV SARIMAX,7,"(1, 1, 3)",49354.14609444854,4966.611646960136,36464.91141230938,36535.59677396299
CAICLAIMS,California,Rolling-CV SARIMAX,8,"(2, 1, 6)",49386.14522917277,4970.928674074937,36378.49175606264,36470.89631652571
CAICLAIMS,California,Rolling-CV SARIMAX,9,"(1, 1, 2)",49437.93780125033,4959.72105443827,36495.018606837126,36560.27371708224
CAICLAIMS,California,Rolling-CV SARIMAX,10,"(1, 1, 1)",49498.97471804751,4958.9625760273075,36539.81399093003,36599.637665229806
CAICLAIMS,California,Rolling-CV SARIMAX + Google Trends,1,"(5, 0, 2)",30633.85350923208,9244.609325095267,17271.85106555526,17369.716928285146
CAICLAIMS,California,Rolling-CV SARIMAX + Google Trends,2,"(1, 0, 3)",30707.56942958708,9679.986134010629,17297.201363181113,17381.109704882074
CAICLAIMS,California,Rolling-CV SARIMAX + Google Trends,3,"(1, 0, 1)",30710.22093482957,9683.480992748939,17345.550746871275,17420.1773087423
CAICLAIMS,California,Rolling-CV SARIMAX + Google Trends,4,"(1, 0, 2)",30728.180564168084,9682.445552950787,17324.093269105088,17403.362028230265
CAICLAIMS,California,Rolling-CV SARIMAX + Google Trends,5,"(5, 0, 1)",30752.566983338853,9673.231448873581,17273.120593504147,17366.32617705642
CAICLAIMS,California,Rolling-CV SARIMAX + Google Trends,6,"(1, 0, 0)",30757.912314164227,9686.073930242112,17426.958751846563,17496.940506989908
CAICLAIMS,California,Rolling-CV SARIMAX + Google Trends,7,"(4, 0, 1)",30778.14003768256,9673.469225263458,17294.744545661648,17383.314461901555
CAICLAIMS,California,Rolling-CV SARIMAX + Google Trends,8,"(2, 0, 6)",30796.01609059025,9666.638413585886,17230.47116193927,17332.94019425201
CAICLAIMS,California,Rolling-CV SARIMAX + Google Trends,9,"(2, 0, 0)",30813.160994257247,9681.57191786969,17354.93566167794,17429.56222354896
CAICLAIMS,California,Rolling-CV SARIMAX + Google Trends,10,"(0, 0, 3)",30821.830565496977,9682.521611669115,17367.46389502978,17446.7106621918
CAICLAIMS,California,Simple SARIMAX,1,"(2, 1, 2)",4917.398979643193,4917.398979643193,45519.25006142877,45591.99009605387
CAICLAIMS,California,Simple SARIMAX,2,"(2, 1, 3)",4932.250823143949,4932.250823143949,45485.30750479162,45563.63588621265
CAICLAIMS,California,Simple SARIMAX,3,"(3, 1, 2)",4940.778976533375,4940.778976533375,45572.71705926553,45651.052481169485
CAICLAIMS,California,Simple SARIMAX,4,"(3, 1, 4)",4950.301756448721,4950.301756448721,45448.54635762211,45538.056457502935
CAICLAIMS,California,Simple SARIMAX,5,"(1, 1, 2)",4964.712890348179,4964.712890348179,45515.83423426364,45582.97888160989
CAICLAIMS,California,Simple SARIMAX,6,"(1, 1, 1)",4966.060604240012,4966.060604240012,45594.66809488856,45656.22288398346
CAICLAIMS,California,Simple SARIMAX,7,"(3, 1, 5)",4969.806132150412,4969.806132150412,45424.10465069301,45519.2005740513
CAICLAIMS,California,Simple SARIMAX,8,"(0, 1, 6)",4971.8105444888215,4971.8105444888215,45400.98828590097,45484.88889879778
CAICLAIMS,California,Simple SARIMAX,9,"(1, 1, 3)",4972.321762550256,4972.321762550256,45490.79560684828,45563.529103882094
CAICLAIMS,California,Simple SARIMAX,10,"(2, 1, 6)",4977.195950511445,4977.195950511445,45404.64061855448,45499.72797983754
HIICLAIMS,Hawaii,ARIMA,1,"(8, 1, 0)",197.61798422610767,197.61798422610767,33832.7858569614,33883.35453836044
HIICLAIMS,Hawaii,ARIMA,2,"(0, 1, 3)",197.68384625841765,197.68384625841765,33855.556988304976,33878.031957815656
HIICLAIMS,Hawaii,ARIMA,3,"(7, 1, 0)",197.7093685502633,197.7093685502633,33838.07473077714,33883.0246697985
HIICLAIMS,Hawaii,ARIMA,4,"(6, 1, 0)",197.7160151658762,197.7160151658762,33856.74910450798,33896.08030115168
HIICLAIMS,Hawaii,ARIMA,5,"(0, 1, 2)",197.80390521777144,197.80390521777144,33947.3810940648,33964.237321197805
HIICLAIMS,Hawaii,ARIMA,6,"(5, 1, 0)",197.82595049538935,197.82595049538935,33860.27182616772,33893.984280433746
HIICLAIMS,Hawaii,ARIMA,7,"(4, 1, 0)",198.03195292544825,198.03195292544825,33883.92769102173,33912.02140291008
HIICLAIMS,Hawaii,ARIMA,8,"(1, 1, 0)",198.36427940705624,198.36427940705624,34152.32215171783,34163.559636473175
HIICLAIMS,Hawaii,ARIMA,9,"(3, 1, 1)",198.7610641617653,198.7610641617653,33919.273578938475,33947.36729082683
HIICLAIMS,Hawaii,ARIMA,10,"(2, 1, 1)",198.843924826615,198.843924826615,33920.04950355853,33942.524473069214
HIICLAIMS,Hawaii,Rolling-CV SARIMAX,1,"(5, 1, 3)",1834.336865167224,756.5391939427566,26127.541343201174,26220.21349763168
HIICLAIMS,Hawaii,Rolling-CV SARIMAX,2,"(2, 1, 1)",1876.898589691559,670.7692172403107,26275.094497023638,26340.531093582755
HIICLAIMS,Hawaii,Rolling-CV SARIMAX,3,"(3, 1, 1)",1876.9566599050647,668.3329097360846,26256.879816557877,26327.761899049383
HIICLAIMS,Hawaii,Rolling-CV SARIMAX,4,"(2, 1, 0)",1880.2080384443757,666.6531484392385,26411.062756170537,26471.046303016392
HIICLAIMS,Hawaii,Rolling-CV SARIMAX,5,"(0, 1, 0)",1882.1168125905851,641.4526369316642,26715.57427657995,26764.656957397077
HIICLAIMS,Hawaii,Rolling-CV SARIMAX,6,"(3, 1, 0)",1883.0159294513055,669.9395153499844,26340.45504785023,26405.88466245777
HIICLAIMS,Hawaii,Rolling-CV SARIMAX,7,"(0, 1, 2)",1883.3185294540308,657.8020415219319,26270.199543717245,26330.17669044083
HIICLAIMS,Hawaii,Rolling-CV SARIMAX,8,"(1, 1, 0)",1884.2005813164803,673.6775899875158,26606.87426116101,26661.41057318004
HIICLAIMS,Hawaii,Rolling-CV SARIMAX,9,"(1, 1, 1)",1884.7081621941536,684.9021399145009,26303.063470315723,26363.04701716158
HIICLAIMS,Hawaii,Rolling-CV SARIMAX,10,"(0, 1, 1)",1886.6942525054812,706.6814525896399,26416.83944215953,26471.36993929212
HIICLAIMS,Hawaii,Rolling-CV SARIMAX + Google Trends,1,"(1, 0, 2)",2259.029204155781,351.4700913969725,11984.059696300232,12063.328455425408
HIICLAIMS,Hawaii,Rolling-CV SARIMAX + Google Trends,2,"(1, 0, 3)",2317.824170344477,319.2771549959512,12011.602158056572,12095.510499757536
HIICLAIMS,Hawaii,Rolling-CV SARIMAX + Google Trends,3,"(5, 0, 1)",2382.43990797893,352.23158517699727,11961.94499679634,12055.150580348614
HIICLAIMS,Hawaii,Rolling-CV SARIMAX + Google Trends,4,"(1, 0, 4)",2469.587599234036,304.8666557294205,12004.08917967409,12092.63448404875
HIICLAIMS,Hawaii,Rolling-CV SARIMAX + Google Trends,5,"(1, 0, 1)",2480.252498265731,313.0838083989462,11997.239023945494,12071.865585816518
HIICLAIMS,Hawaii,Rolling-CV SARIMAX + Google Trends,6,"(6, 0, 1)",2535.2853255237696,275.2522965304901,11944.542146333592,12042.38077033231
HIICLAIMS,Hawaii,Rolling-CV SARIMAX + Google Trends,7,"(1, 0, 0)",2541.581112565296,280.45643989012797,12175.297299177284,12245.279054320625
HIICLAIMS,Hawaii,Rolling-CV SARIMAX + Google Trends,8,"(0, 0, 6)",2592.4864872886874,292.4332363969143,12070.204994466014,12163.35866020487
HIICLAIMS,Hawaii,Rolling-CV SARIMAX + Google Trends,9,"(2, 0, 0)",2603.049763052385,352.2044208546649,12096.104892493991,12170.731454365014
HIICLAIMS,Hawaii,Rolling-CV SARIMAX + Google Trends,10,"(5, 0, 0)",2610.4577551591656,353.0528143746799,11956.254647598158,12044.799951972816
HIICLAIMS,Hawaii,Simple SARIMAX,1,"(0, 1, 5)",304.7158043460148,304.7158043460148,33690.36567330661,33768.98674831511
HIICLAIMS,Hawaii,Simple SARIMAX,2,"(0, 1, 6)",306.66257989105554,306.66257989105554,33658.25902437726,33742.488499474646
HIICLAIMS,Hawaii,Simple SARIMAX,3,"(8, 0, 1)",316.6368119680319,316.6368119680319,33646.27582512675,33747.35119524362
HIICLAIMS,Hawaii,Simple SARIMAX,4,"(4, 1, 1)",333.5244840924989,333.5244840924989,33705.73318031803,33784.368041639806
HIICLAIMS,Hawaii,Simple SARIMAX,5,"(2, 1, 3)",339.9883057688027,339.9883057688027,33706.80626562356,33785.441126945334
HIICLAIMS,Hawaii,Simple SARIMAX,6,"(1, 1, 5)",343.9898210465783,343.9898210465783,33664.810920733755,33749.04778681429
HIICLAIMS,Hawaii,Simple SARIMAX,7,"(4, 1, 2)",346.739576094098,346.739576094098,33703.59060283432,33787.84223996479
HIICLAIMS,Hawaii,Simple SARIMAX,8,"(2, 1, 6)",347.46059741772734,347.46059741772734,33652.97047572307,33748.43054750011
HIICLAIMS,Hawaii,Simple SARIMAX,9,"(2, 1, 5)",352.4402980877815,352.4402980877815,33666.444060491915,33756.29671764449
HIICLAIMS,Hawaii,Simple SARIMAX,10,"(1, 1, 2)",354.3735625484075,354.3735625484075,33725.20003712013,33792.607250883666
INICLAIMS,Indiana,ARIMA,1,"(1, 1, 0)",912.3391378882384,912.3391378882384,37884.10283116333,37895.295615771465
INICLAIMS,Indiana,ARIMA,2,"(0, 1, 2)",912.4004889462622,912.4004889462622,37884.96595733566,37901.755134247855
INICLAIMS,Indiana,ARIMA,3,"(1, 1, 1)",912.5659883131872,912.5659883131872,37884.94600604688,37901.73518295907
INICLAIMS,Indiana,ARIMA,4,"(0, 1, 1)",912.6285605486185,912.6285605486185,37882.97012842454,37894.16291303267
INICLAIMS,Indiana,ARIMA,5,"(0, 1, 5)",912.8914570278074,912.8914570278074,37738.79853849583,37772.376892320215
INICLAIMS,Indiana,ARIMA,6,"(2, 1, 0)",913.2116653308832,913.2116653308832,37882.43251665775,37899.22169356994
INICLAIMS,Indiana,ARIMA,7,"(3, 1, 0)",913.6509801391536,913.6509801391536,37840.46799249618,37862.85356171244
INICLAIMS,Indiana,ARIMA,8,"(0, 1, 4)",914.2867317126615,914.2867317126615,37759.36193229127,37787.3438938116
INICLAIMS,Indiana,ARIMA,9,"(0, 1, 0)",917.1144285202364,917.1144285202364,37913.20293937405,37918.799331678114
INICLAIMS,Indiana,ARIMA,10,"(0, 1, 3)",917.9769440482852,917.9769440482852,37844.93108237204,37867.31665158829
INICLAIMS,Indiana,Rolling-CV SARIMAX,1,"(2, 1, 1)",6940.335489756333,1537.347986707922,31272.963512411807,31338.22570255702
INICLAIMS,Indiana,Rolling-CV SARIMAX,2,"(8, 1, 4)",7036.746687423732,2345.5065068542913,31134.11221510956,31248.246598401875
INICLAIMS,Indiana,Rolling-CV SARIMAX,3,"(1, 1, 2)",7058.770143136397,2599.2521696368376,31256.932649915783,31322.18776016091
INICLAIMS,Indiana,Rolling-CV SARIMAX,4,"(7, 1, 4)",7233.603769909119,2858.9256151603668,31151.369015652133,31260.08026325574
INICLAIMS,Indiana,Rolling-CV SARIMAX,5,"(1, 1, 1)",7327.015503107456,1599.0885086971641,31330.64820542207,31390.471879721845
INICLAIMS,Indiana,Rolling-CV SARIMAX,6,"(1, 1, 3)",7352.917661241725,1535.3152427948824,31227.79190816704,31298.477269820643
INICLAIMS,Indiana,Rolling-CV SARIMAX,7,"(0, 1, 2)",7370.324451054629,1599.7784719539716,31327.492606108983,31387.309790500334
INICLAIMS,Indiana,Rolling-CV SARIMAX,8,"(0, 1, 1)",7435.529245364854,1598.8825708887798,31424.05304502377,31478.438203478123
INICLAIMS,Indiana,Rolling-CV SARIMAX,9,"(4, 1, 3)",7438.248784683559,1533.732125407644,31207.21074309436,31294.2081112834
INICLAIMS,Indiana,Rolling-CV SARIMAX,10,"(2, 1, 4)",7511.838640522797,1527.4004240008314,31127.047567131434,31208.5987394192
INICLAIMS,Indiana,Rolling-CV SARIMAX + Google Trends,1,"(4, 1, 2)",7739.7597365899155,1538.748048848013,14507.040513282562,14600.246096834837
INICLAIMS,Indiana,Rolling-CV SARIMAX + Google Trends,2,"(6, 1, 1)",7789.043405108387,1507.0402293592822,14468.632877141295,14566.444226167096
INICLAIMS,Indiana,Rolling-CV SARIMAX + Google Trends,3,"(5, 1, 2)",7996.552441534978,1550.2597786537997,14498.284219601264,14596.122843599984
INICLAIMS,Indiana,Rolling-CV SARIMAX + Google Trends,4,"(0, 1, 3)",8007.751266916319,1531.236801986898,14507.187250655454,14586.411996674886
INICLAIMS,Indiana,Rolling-CV SARIMAX + Google Trends,5,"(7, 1, 0)",8024.21514031502,1511.09600156286,14464.668002353808,14562.452040066037
INICLAIMS,Indiana,Rolling-CV SARIMAX + Google Trends,6,"(1, 1, 6)",8024.83431769769,1546.7698370892351,14453.273435976167,14551.057473688394
INICLAIMS,Indiana,Rolling-CV SARIMAX + Google Trends,7,"(1, 1, 4)",8024.8441782520895,1551.9350686231649,14486.390564779576,14574.91122458794
INICLAIMS,Indiana,Rolling-CV SARIMAX + Google Trends,8,"(7, 1, 3)",8028.1007692087005,1508.5594910362368,14455.087684232742,14566.840870189571
INICLAIMS,Indiana,Rolling-CV SARIMAX + Google Trends,9,"(0, 1, 4)",8032.73780758497,1521.3827542813617,14487.780516424618,14571.642194137805
INICLAIMS,Indiana,Rolling-CV SARIMAX + Google Trends,10,"(1, 1, 5)",8040.670454136547,1546.7465435481204,14468.856561726509,14562.010227465362
INICLAIMS,Indiana,Simple SARIMAX,1,"(5, 1, 3)",1520.7826332075483,1520.7826332075483,37573.22990424601,37668.32582760429
INICLAIMS,Indiana,Simple SARIMAX,2,"(4, 1, 4)",1520.8480082215715,1520.8480082215715,37574.503346639554,37669.59926999784
INICLAIMS,Indiana,Simple SARIMAX,3,"(5, 1, 4)",1521.857582048464,1521.857582048464,37574.4005760025,37675.09037720539
INICLAIMS,Indiana,Simple SARIMAX,4,"(2, 1, 2)",1522.5586677367037,1522.5586677367037,37643.04178878601,37715.77528581982
INICLAIMS,Indiana,Simple SARIMAX,5,"(4, 1, 2)",1522.682907385194,1522.682907385194,37609.22370487207,37693.13942351035
INICLAIMS,Indiana,Simple SARIMAX,6,"(3, 1, 2)",1522.698683056626,1522.698683056626,37637.21039451117,37715.53877593221
INICLAIMS,Indiana,Simple SARIMAX,7,"(1, 1, 6)",1523.1354478546464,1523.1354478546464,37558.55427515705,37648.04019976257
INICLAIMS,Indiana,Simple SARIMAX,8,"(6, 1, 5)",1524.1752924941052,1524.1752924941052,37558.69082662478,37670.558310487206
INICLAIMS,Indiana,Simple SARIMAX,9,"(1, 1, 4)",1524.3925175298386,1524.3925175298386,37594.24412066605,37672.558410490514
INICLAIMS,Indiana,Simple SARIMAX,10,"(8, 1, 5)",1524.8659030128654,1524.8659030128654,37532.40128418906,37655.43333901649
NYICLAIMS,New York,ARIMA,1,"(8, 1, 5)",4866.192489389703,4866.192489389703,42313.40976578658,42391.75925804348
NYICLAIMS,New York,ARIMA,2,"(7, 1, 0)",4938.908191053837,4938.908191053837,42384.92064987928,42429.69178831179
NYICLAIMS,New York,ARIMA,3,"(3, 1, 0)",4938.984132686828,4938.984132686828,42397.54267946533,42419.92824868159
NYICLAIMS,New York,ARIMA,4,"(0, 1, 2)",4941.6123893236845,4941.6123893236845,42546.05770795922,42562.84688487141
NYICLAIMS,New York,ARIMA,5,"(1, 1, 1)",4941.612960919102,4941.612960919102,42514.52294108105,42531.31211799324
NYICLAIMS,New York,ARIMA,6,"(6, 1, 0)",4942.841436614259,4942.841436614259,42389.79280680573,42428.96755293418
NYICLAIMS,New York,ARIMA,7,"(3, 1, 1)",4943.901511765681,4943.901511765681,42387.96490144834,42415.94686296866
NYICLAIMS,New York,ARIMA,8,"(4, 1, 1)",4944.126131776628,4944.126131776628,42387.90734204376,42421.48569586814
NYICLAIMS,New York,ARIMA,9,"(4, 1, 2)",4944.236328712885,4944.236328712885,42389.73223522007,42428.90698134852
NYICLAIMS,New York,ARIMA,10,"(5, 1, 0)",4944.356680509811,4944.356680509811,42387.85307583663,42421.43142966102
NYICLAIMS,New York,Rolling-CV SARIMAX,1,"(4, 1, 3)",23203.85271593798,8973.494878527574,34857.85132741285,34944.84869560191
NYICLAIMS,New York,Rolling-CV SARIMAX,2,"(2, 1, 2)",26226.62099478571,9580.083987614491,34880.97291287123,34951.665948970105
NYICLAIMS,New York,Rolling-CV SARIMAX,3,"(0, 1, 1)",26753.44649399222,5604.6630078335775,35054.11904518906,35108.50420364341
NYICLAIMS,New York,Rolling-CV SARIMAX,4,"(1, 1, 2)",26847.439744302388,4973.492723179209,34917.708997656446,34982.96410790157
NYICLAIMS,New York,Rolling-CV SARIMAX,5,"(0, 1, 2)",27100.717145556704,5685.039712326825,34953.51592077635,35013.3331051677
NYICLAIMS,New York,Rolling-CV SARIMAX,6,"(4, 1, 5)",27352.626904053534,8256.898068403098,34751.31870306253,34849.16947102055
NYICLAIMS,New York,Rolling-CV SARIMAX,7,"(2, 1, 0)",27362.15831448965,5584.123649822719,35237.23632499913,35297.05999929891
NYICLAIMS,New York,Rolling-CV SARIMAX,8,"(0, 1, 0)",27531.30781347843,5575.848745449437,46432.17128814597,46481.12323753128
NYICLAIMS,New York,Rolling-CV SARIMAX,9,"(1, 1, 0)",27535.50193608722,5589.581451860423,35336.868564527045,35391.259619399614
NYICLAIMS,New York,Rolling-CV SARIMAX,10,"(1, 1, 1)",27614.607886502607,5740.7738722802205,34988.6620009681,35048.48567526788
NYICLAIMS,New York,Rolling-CV SARIMAX + Google Trends,1,"(8, 0, 3)",20623.610985402487,4773.840429015419,16408.61614212951,16525.025710834547
NYICLAIMS,New York,Rolling-CV SARIMAX + Google Trends,2,"(1, 0, 6)",20710.243765971445,4763.941250040659,16475.136970034502,16572.948319060302
NYICLAIMS,New York,Rolling-CV SARIMAX + Google Trends,3,"(8, 0, 5)",20710.39931127345,4845.33765597967,16413.599261684496,16539.32159588593
NYICLAIMS,New York,Rolling-CV SARIMAX + Google Trends,4,"(6, 0, 5)",20711.62979674742,4842.59857707611,16496.10597688293,16612.580529262355
NYICLAIMS,New York,Rolling-CV SARIMAX + Google Trends,5,"(3, 0, 2)",20711.70276719396,4834.226599640564,16568.04687904085,16656.641374533687
NYICLAIMS,New York,Rolling-CV SARIMAX + Google Trends,6,"(7, 0, 5)",20720.1350911615,4822.468195866811,16448.15699684758,16569.2567623081
NYICLAIMS,New York,Rolling-CV SARIMAX + Google Trends,7,"(3, 0, 1)",20730.095503980752,4814.132362248123,16580.128733275495,16664.060360584503
NYICLAIMS,New York,Rolling-CV SARIMAX + Google Trends,8,"(1, 0, 2)",20738.291562759805,4824.5289609818055,16573.61575565981,16652.88451478498
NYICLAIMS,New York,Rolling-CV SARIMAX + Google Trends,9,"(2, 0, 2)",20739.038272736707,4823.779753902626,16581.275221227002,16665.206848536014
NYICLAIMS,New York,Rolling-CV SARIMAX + Google Trends,10,"(1, 0, 1)",20751.54624280608,4809.553333008141,16642.4983537729,16717.124915643923
NYICLAIMS,New York,Simple SARIMAX,1,"(5, 1, 4)",4950.302281847057,4950.302281847057,42231.744976417904,42332.4347776208
NYICLAIMS,New York,Simple SARIMAX,2,"(1, 1, 2)",4975.780568500801,4975.780568500801,42379.84548784855,42446.984100495145
NYICLAIMS,New York,Simple SARIMAX,3,"(2, 1, 1)",4980.332577803929,4980.332577803929,42397.39106898116,42464.53571632741
NYICLAIMS,New York,Simple SARIMAX,4,"(4, 1, 4)",4997.11101622023,4997.11101622023,42222.28878047479,42317.38470383307
NYICLAIMS,New York,Simple SARIMAX,5,"(3, 1, 3)",5001.473807911693,5001.473807911693,42236.47621227921,42320.39193091749
NYICLAIMS,New York,Simple SARIMAX,6,"(2, 1, 3)",5061.787375556951,5061.787375556951,42280.74814898093,42359.069486376655
NYICLAIMS,New York,Simple SARIMAX,7,"(3, 1, 4)",5067.228498175634,5067.228498175634,42269.21061331674,42358.71265883042
NYICLAIMS,New York,Simple SARIMAX,8,"(0, 1, 6)",5093.0439550442015,5093.0439550442015,42212.438482313,42296.33153663068
NYICLAIMS,New York,Simple SARIMAX,9,"(7, 0, 4)",5125.5085396550185,5125.5085396550185,44484.31946426387,44596.1869481263
NYICLAIMS,New York,Simple SARIMAX,10,"(2, 0, 6)",5181.465913480717,5181.465913480717,42191.60006421479,42286.687425497854
