observation_date,CAICLAIMS
1986-02-08,75972
1986-02-15,54595
1986-02-22,68513
1986-03-01,65424
1986-03-08,66436
1986-03-15,70088
1986-03-22,69120
1986-03-29,56779
1986-04-05,57248
1986-04-12,54856
1986-04-19,51971
1986-04-26,51725
1986-05-03,52925
1986-05-10,57000
1986-05-17,48976
1986-05-24,46405
1986-05-31,38163
1986-06-07,52005
1986-06-14,49643
1986-06-21,56691
1986-06-28,54889
1986-07-05,47832
1986-07-12,51118
1986-07-19,50743
1986-07-26,52041
1986-08-02,50250
1986-08-09,52086
1986-08-16,45307
1986-08-23,47616
1986-08-30,43609
1986-09-06,58699
1986-09-13,47514
1986-09-20,50027
1986-09-27,50565
1986-10-04,49910
1986-10-11,51881
1986-10-18,45287
1986-10-25,55341
1986-11-01,53426
1986-11-08,58560
1986-11-15,48903
1986-11-22,66270
1986-11-29,43430
1986-12-06,60261
1986-12-13,60711
1986-12-20,60765
1986-12-27,54607
1987-01-03,44887
1987-01-10,68898
1987-01-17,68145
1987-01-24,58492
1987-01-31,64568
1987-02-07,72071
1987-02-14,54451
1987-02-21,56222
1987-02-28,61177
1987-03-07,56918
1987-03-14,57885
1987-03-21,
1987-03-28,50249
1987-04-04,48366
1987-04-11,48003
1987-04-18,46969
1987-04-25,43910
1987-05-02,43739
1987-05-09,48358
1987-05-16,46701
1987-05-23,42300
1987-05-30,33020
1987-06-06,47893
1987-06-13,45134
1987-06-20,47060
1987-06-27,47371
1987-07-04,
1987-07-11,
1987-07-18,
1987-07-25,
1987-08-01,46914
1987-08-08,46900
1987-08-15,44001
1987-08-22,41102
1987-08-29,42530
1987-09-05,42201
1987-09-12,36633
1987-09-19,42642
1987-09-26,41570
1987-10-03,44095
1987-10-10,50233
1987-10-17,42574
1987-10-24,49858
1987-10-31,49262
1987-11-07,58334
1987-11-14,49298
1987-11-21,59126
1987-11-28,40062
1987-12-05,61607
1987-12-12,55646
1987-12-19,53021
1987-12-26,42990
1988-01-02,45887
1988-01-09,64535
1988-01-16,56699
1988-01-23,51369
1988-01-30,52103
1988-02-06,59015
1988-02-13,52550
1988-02-20,55975
1988-02-27,53034
1988-03-05,56883
1988-03-12,50988
1988-03-19,48614
1988-03-26,48896
1988-04-02,45144
1988-04-09,45835
1988-04-16,42793
1988-04-23,50390
1988-04-30,44752
1988-05-07,50858
1988-05-14,50180
1988-05-21,47872
1988-05-28,41614
1988-06-04,38798
1988-06-11,47450
1988-06-18,47180
1988-06-25,51387
1988-07-02,46765
1988-07-09,42148
1988-07-16,44240
1988-07-23,48818
1988-07-30,44815
1988-08-06,46726
1988-08-13,45568
1988-08-20,41793
1988-08-27,41370
1988-09-03,42640
1988-09-10,36468
1988-09-17,42359
1988-09-24,44941
1988-10-01,44040
1988-10-08,44655
1988-10-15,39110
1988-10-22,45634
1988-10-29,46058
1988-11-05,51960
1988-11-12,44948
1988-11-19,58592
1988-11-26,34489
1988-12-03,58101
1988-12-10,51635
1988-12-17,45559
1988-12-24,55890
1988-12-31,45655
1989-01-07,49646
1989-01-14,54091
1989-01-21,46667
1989-01-28,55400
1989-02-04,52461
1989-02-11,60148
1989-02-18,48656
1989-02-25,47121
1989-03-04,52372
1989-03-11,57492
1989-03-18,51643
1989-03-25,48103
1989-04-01,47544
1989-04-08,47367
1989-04-15,44622
1989-04-22,47544
1989-04-29,47971
1989-05-06,49951
1989-05-13,46887
1989-05-20,42751
1989-05-27,41605
1989-06-03,39089
1989-06-10,50264
1989-06-17,47456
1989-06-24,50245
1989-07-01,49268
1989-07-08,42000
1989-07-15,49573
1989-07-22,47656
1989-07-29,46585
1989-08-05,47810
1989-08-12,46964
1989-08-19,43796
1989-08-26,41089
1989-09-02,41324
1989-09-09,38215
1989-09-16,45068
1989-09-23,51056
1989-09-30,46281
1989-10-07,52820
1989-10-14,41635
1989-10-21,52306
1989-10-28,64204
1989-11-04,57644
1989-11-11,49200
1989-11-18,56203
1989-11-25,32781
1989-12-02,66469
1989-12-09,57641
1989-12-16,53074
1989-12-23,53582
1989-12-30,42918
1990-01-06,54834
1990-01-13,68101
1990-01-20,63169
1990-01-27,62371
1990-02-03,62079
1990-02-10,69000
1990-02-17,56319
1990-02-24,55476
1990-03-03,58622
1990-03-10,61882
1990-03-17,56683
1990-03-24,52302
1990-03-31,52272
1990-04-07,54967
1990-04-14,49556
1990-04-21,50969
1990-04-28,50506
1990-05-05,54604
1990-05-12,56830
1990-05-19,52504
1990-05-26,52386
1990-06-02,53382
1990-06-09,54552
1990-06-16,56015
1990-06-23,60987
1990-06-30,60074
1990-07-07,57179
1990-07-14,60293
1990-07-21,57151
1990-07-28,58494
1990-08-04,57486
1990-08-11,59786
1990-08-18,51504
1990-08-25,55914
1990-09-01,52818
1990-09-08,49842
1990-09-15,59733
1990-09-22,62165
1990-09-29,60825
1990-10-06,73549
1990-10-13,61139
1990-10-20,70871
1990-10-27,69095
1990-11-03,72864
1990-11-10,76929
1990-11-17,69020
1990-11-24,57942
1990-12-01,75832
1990-12-08,77780
1990-12-15,74612
1990-12-22,74759
1990-12-29,58952
1991-01-05,54092
1991-01-12,92765
1991-01-19,80666
1991-01-26,74681
1991-02-02,83305
1991-02-09,94033
1991-02-16,74051
1991-02-23,73060
1991-03-02,78871
1991-03-09,93387
1991-03-16,82543
1991-03-23,89153
1991-03-30,81928
1991-04-06,77939
1991-04-13,70043
1991-04-20,68072
1991-04-27,66446
1991-05-04,70106
1991-05-11,69545
1991-05-18,69529
1991-05-25,65268
1991-06-01,56890
1991-06-08,69993
1991-06-15,66416
1991-06-22,74513
1991-06-29,71236
1991-07-06,66242
1991-07-13,70536
1991-07-20,77243
1991-07-27,74039
1991-08-03,75175
1991-08-10,71012
1991-08-17,68762
1991-08-24,62956
1991-08-31,65869
1991-09-07,56215
1991-09-14,69052
1991-09-21,71818
1991-09-28,73119
1991-10-05,75761
1991-10-12,75914
1991-10-19,68843
1991-10-26,79075
1991-11-02,85448
1991-11-09,86888
1991-11-16,76473
1991-11-23,87171
1991-11-30,59904
1991-12-07,89548
1991-12-14,79731
1991-12-21,79402
1991-12-28,74522
1992-01-04,74300
1992-01-11,102514
1992-01-18,88420
1992-01-25,82073
1992-02-01,84001
1992-02-08,104782
1992-02-15,93470
1992-02-22,90655
1992-02-29,90228
1992-03-07,87158
1992-03-14,85177
1992-03-21,79952
1992-03-28,78678
1992-04-04,83965
1992-04-11,72674
1992-04-18,70179
1992-04-25,63272
1992-05-02,66747
1992-05-09,78760
1992-05-16,73768
1992-05-23,69393
1992-05-30,63061
1992-06-06,75812
1992-06-13,79618
1992-06-20,76679
1992-06-27,76665
1992-07-04,81684
1992-07-11,76099
1992-07-18,68791
1992-07-25,66833
1992-08-01,67990
1992-08-08,73330
1992-08-15,64720
1992-08-22,64288
1992-08-29,64992
1992-09-05,65473
1992-09-12,61784
1992-09-19,69398
1992-09-26,68407
1992-10-03,71515
1992-10-10,67931
1992-10-17,61768
1992-10-24,68819
1992-10-31,67925
1992-11-07,78073
1992-11-14,62973
1992-11-21,71012
1992-11-28,46830
1992-12-05,74800
1992-12-12,78354
1992-12-19,67149
1992-12-26,55219
1993-01-02,60366
1993-01-09,85984
1993-01-16,79753
1993-01-23,76477
1993-01-30,71391
1993-02-06,76642
1993-02-13,69853
1993-02-20,74416
1993-02-27,75167
1993-03-06,71654
1993-03-13,71128
1993-03-20,59780
1993-03-27,63188
1993-04-03,67229
1993-04-10,59604
1993-04-17,56537
1993-04-24,55863
1993-05-01,56848
1993-05-08,63515
1993-05-15,57733
1993-05-22,54616
1993-05-29,55153
1993-06-05,53195
1993-06-12,60634
1993-06-19,60659
1993-06-26,62112
1993-07-03,64408
1993-07-10,54524
1993-07-17,59607
1993-07-24,57827
1993-07-31,54880
1993-08-07,61223
1993-08-14,55356
1993-08-21,53786
1993-08-28,51284
1993-09-04,53442
1993-09-11,46008
1993-09-18,54266
1993-09-25,55109
1993-10-02,55280
1993-10-09,66330
1993-10-16,59973
1993-10-23,66698
1993-10-30,62423
1993-11-06,70079
1993-11-13,63721
1993-11-20,70095
1993-11-27,48871
1993-12-04,70759
1993-12-11,63455
1993-12-18,64964
1993-12-25,59730
1994-01-01,54641
1994-01-08,67818
1994-01-15,66348
1994-01-22,57682
1994-01-29,74697
1994-02-05,77443
1994-02-12,82079
1994-02-19,71619
1994-02-26,58896
1994-03-05,68389
1994-03-12,64785
1994-03-19,61663
1994-03-26,61973
1994-04-02,59824
1994-04-09,60545
1994-04-16,58286
1994-04-23,57752
1994-04-30,63992
1994-05-07,74036
1994-05-14,66816
1994-05-21,64792
1994-05-28,61321
1994-06-04,56397
1994-06-11,66228
1994-06-18,68079
1994-06-25,72608
1994-07-02,70038
1994-07-09,58966
1994-07-16,65235
1994-07-23,61910
1994-07-30,60151
1994-08-06,67103
1994-08-13,63544
1994-08-20,59219
1994-08-27,55476
1994-09-03,59088
1994-09-10,52350
1994-09-17,61400
1994-09-24,60286
1994-10-01,62434
1994-10-08,72199
1994-10-15,58841
1994-10-22,67433
1994-10-29,61754
1994-11-05,75325
1994-11-12,71288
1994-11-19,87075
1994-11-26,51894
1994-12-03,75918
1994-12-10,66312
1994-12-17,68048
1994-12-24,68804
1994-12-31,60440
1995-01-07,76580
1995-01-14,93188
1995-01-21,70141
1995-01-28,80140
1995-02-04,83169
1995-02-11,86216
1995-02-18,67970
1995-02-25,62502
1995-03-04,68712
1995-03-11,73487
1995-03-18,72001
1995-03-25,72807
1995-04-01,63451
1995-04-08,66600
1995-04-15,67722
1995-04-22,62831
1995-04-29,61707
1995-05-06,70335
1995-05-13,67923
1995-05-20,63393
1995-05-27,57309
1995-06-03,52333
1995-06-10,63310
1995-06-17,62730
1995-06-24,66621
1995-07-01,64843
1995-07-08,61853
1995-07-15,64138
1995-07-22,60864
1995-07-29,56917
1995-08-05,61823
1995-08-12,61160
1995-08-19,57256
1995-08-26,55899
1995-09-02,53646
1995-09-09,50791
1995-09-16,58608
1995-09-23,57255
1995-09-30,57831
1995-10-07,66190
1995-10-14,60842
1995-10-21,68145
1995-10-28,64315
1995-11-04,71042
1995-11-11,65218
1995-11-18,75110
1995-11-25,49716
1995-12-02,79779
1995-12-09,72538
1995-12-16,78194
1995-12-23,70517
1995-12-30,58259
1996-01-06,63011
1996-01-13,74133
1996-01-20,67320
1996-01-27,72440
1996-02-03,79209
1996-02-10,86889
1996-02-17,65938
1996-02-24,71538
1996-03-02,76583
1996-03-09,73649
1996-03-16,67954
1996-03-23,62975
1996-03-30,61364
1996-04-06,64300
1996-04-13,58912
1996-04-20,62291
1996-04-27,56812
1996-05-04,61823
1996-05-11,64281
1996-05-18,59892
1996-05-25,58566
1996-06-01,51643
1996-06-08,63944
1996-06-15,61848
1996-06-22,67942
1996-06-29,64094
1996-07-06,58309
1996-07-13,62359
1996-07-20,56731
1996-07-27,57075
1996-08-03,58980
1996-08-10,60898
1996-08-17,54012
1996-08-24,52385
1996-08-31,52898
1996-09-07,50154
1996-09-14,58116
1996-09-21,57381
1996-09-28,57486
1996-10-05,62847
1996-10-12,61841
1996-10-19,56540
1996-10-26,60369
1996-11-02,67148
1996-11-09,71089
1996-11-16,63022
1996-11-23,82586
1996-11-30,47726
1996-12-07,75557
1996-12-14,75953
1996-12-21,65273
1996-12-28,63329
1997-01-04,69504
1997-01-11,75957
1997-01-18,74541
1997-01-25,65490
1997-02-01,76575
1997-02-08,82154
1997-02-15,60208
1997-02-22,61853
1997-03-01,62571
1997-03-08,63405
1997-03-15,57514
1997-03-22,57420
1997-03-29,55525
1997-04-05,59131
1997-04-12,55856
1997-04-19,54775
1997-04-26,52573
1997-05-03,57063
1997-05-10,57251
1997-05-17,53924
1997-05-24,53672
1997-05-31,48533
1997-06-07,60923
1997-06-14,58939
1997-06-21,61496
1997-06-28,61470
1997-07-05,58437
1997-07-12,60357
1997-07-19,56233
1997-07-26,52331
1997-08-02,56968
1997-08-09,59982
1997-08-16,54994
1997-08-23,51142
1997-08-30,51232
1997-09-06,47646
1997-09-13,53027
1997-09-20,55178
1997-09-27,57656
1997-10-04,61057
1997-10-11,61004
1997-10-18,56696
1997-10-25,58726
1997-11-01,61238
1997-11-08,69818
1997-11-15,68715
1997-11-22,66196
1997-11-29,63565
1997-12-06,69482
1997-12-13,59282
1997-12-20,60532
1997-12-27,51205
1998-01-03,47257
1998-01-10,67168
1998-01-17,67491
1998-01-24,54169
1998-01-31,64991
1998-02-07,86637
1998-02-14,67882
1998-02-21,62915
1998-02-28,62904
1998-03-07,62061
1998-03-14,56415
1998-03-21,55107
1998-03-28,56939
1998-04-04,63138
1998-04-11,55955
1998-04-18,53310
1998-04-25,48798
1998-05-02,53745
1998-05-09,60128
1998-05-16,55577
1998-05-23,50545
1998-05-30,47340
1998-06-06,53533
1998-06-13,51510
1998-06-20,52334
1998-06-27,52236
1998-07-04,52966
1998-07-11,51847
1998-07-18,45429
1998-07-25,52767
1998-08-01,49279
1998-08-08,52629
1998-08-15,44138
1998-08-22,44005
1998-08-29,41933
1998-09-05,44711
1998-09-12,38698
1998-09-19,44204
1998-09-26,44375
1998-10-03,48016
1998-10-10,50857
1998-10-17,47535
1998-10-24,51958
1998-10-31,56670
1998-11-07,67334
1998-11-14,60168
1998-11-21,60828
1998-11-28,46031
1998-12-05,72262
1998-12-12,53605
1998-12-19,54161
1998-12-26,51251
1999-01-02,47297
1999-01-09,64586
1999-01-16,55555
1999-01-23,55562
1999-01-30,59706
1999-02-06,71243
1999-02-13,66883
1999-02-20,55506
1999-02-27,54382
1999-03-06,54951
1999-03-13,52180
1999-03-20,51752
1999-03-27,50253
1999-04-03,51064
1999-04-10,54223
1999-04-17,49472
1999-04-24,45355
1999-05-01,47684
1999-05-08,55994
1999-05-15,46135
1999-05-22,45505
1999-05-29,44690
1999-06-05,43267
1999-06-12,47053
1999-06-19,50175
1999-06-26,49358
1999-07-03,52806
1999-07-10,46713
1999-07-17,47254
1999-07-24,43506
1999-07-31,45964
1999-08-07,49209
1999-08-14,43650
1999-08-21,42703
1999-08-28,40713
1999-09-04,43267
1999-09-11,38908
1999-09-18,43688
1999-09-25,43143
1999-10-02,44202
1999-10-09,48417
1999-10-16,42281
1999-10-23,49795
1999-10-30,48259
1999-11-06,61227
1999-11-13,58649
1999-11-20,62954
1999-11-27,40491
1999-12-04,60281
1999-12-11,49256
1999-12-18,48858
1999-12-25,48829
2000-01-01,37401
2000-01-08,59000
2000-01-15,50928
2000-01-22,51002
2000-01-29,52703
2000-02-05,64057
2000-02-12,58108
2000-02-19,56794
2000-02-26,51206
2000-03-04,54070
2000-03-11,51087
2000-03-18,45882
2000-03-25,44001
2000-04-01,42822
2000-04-08,43672
2000-04-15,40512
2000-04-22,44142
2000-04-29,39575
2000-05-06,48687
2000-05-13,45981
2000-05-20,42299
2000-05-27,40969
2000-06-03,40439
2000-06-10,45417
2000-06-17,48443
2000-06-24,49187
2000-07-01,47794
2000-07-08,43839
2000-07-15,44895
2000-07-22,42199
2000-07-29,41015
2000-08-05,47559
2000-08-12,44693
2000-08-19,39700
2000-08-26,39047
2000-09-02,38980
2000-09-09,37458
2000-09-16,40042
2000-09-23,40561
2000-09-30,42686
2000-10-07,47599
2000-10-14,44254
2000-10-21,46892
2000-10-28,46387
2000-11-04,59070
2000-11-11,47455
2000-11-18,61022
2000-11-25,42199
2000-12-02,56285
2000-12-09,48952
2000-12-16,48427
2000-12-23,50802
2000-12-30,42608
2001-01-06,45705
2001-01-13,57555
2001-01-20,41397
2001-01-27,54944
2001-02-03,60068
2001-02-10,61532
2001-02-17,52274
2001-02-24,53428
2001-03-03,56260
2001-03-10,58428
2001-03-17,51588
2001-03-24,49170
2001-03-31,49771
2001-04-07,52779
2001-04-14,51384
2001-04-21,50354
2001-04-28,48793
2001-05-05,55732
2001-05-12,55660
2001-05-19,52091
2001-05-26,49938
2001-06-02,44045
2001-06-09,51127
2001-06-16,52389
2001-06-23,54534
2001-06-30,53971
2001-07-07,49067
2001-07-14,54885
2001-07-21,52355
2001-07-28,48862
2001-08-04,54682
2001-08-11,53561
2001-08-18,48302
2001-08-25,47763
2001-09-01,48201
2001-09-08,44692
2001-09-15,45543
2001-09-22,54880
2001-09-29,59298
2001-10-06,64455
2001-10-13,57113
2001-10-20,67494
2001-10-27,63021
2001-11-03,66971
2001-11-10,67948
2001-11-17,63328
2001-11-24,48456
2001-12-01,67736
2001-12-08,60525
2001-12-15,53310
2001-12-22,48905
2001-12-29,37038
2002-01-05,58062
2002-01-12,92102
2002-01-19,80368
2002-01-26,67553
2002-02-02,69102
2002-02-09,67208
2002-02-16,58391
2002-02-23,55410
2002-03-02,58635
2002-03-09,59396
2002-03-16,54717
2002-03-23,59198
2002-03-30,60357
2002-04-06,55570
2002-04-13,64771
2002-04-20,66753
2002-04-27,62617
2002-05-04,59109
2002-05-11,57358
2002-05-18,52851
2002-05-25,55139
2002-06-01,45631
2002-06-08,53999
2002-06-15,55334
2002-06-22,58489
2002-06-29,57535
2002-07-06,55542
2002-07-13,61432
2002-07-20,58124
2002-07-27,59345
2002-08-03,52079
2002-08-10,53475
2002-08-17,51994
2002-08-24,51740
2002-08-31,50036
2002-09-07,46377
2002-09-14,51510
2002-09-21,53329
2002-09-28,52634
2002-10-05,63396
2002-10-12,62097
2002-10-19,60837
2002-10-26,60403
2002-11-02,60838
2002-11-09,68639
2002-11-16,55348
2002-11-23,72874
2002-11-30,44069
2002-12-07,64448
2002-12-14,57622
2002-12-21,65356
2002-12-28,55815
2003-01-04,53715
2003-01-11,75711
2003-01-18,74004
2003-01-25,63008
2003-02-01,63965
2003-02-08,67585
2003-02-15,57997
2003-02-22,57840
2003-03-01,63349
2003-03-08,62999
2003-03-15,57817
2003-03-22,58432
2003-03-29,56922
2003-04-05,57149
2003-04-12,66076
2003-04-19,62244
2003-04-26,59484
2003-05-03,58469
2003-05-10,58798
2003-05-17,52411
2003-05-24,52932
2003-05-31,47269
2003-06-07,57394
2003-06-14,56674
2003-06-21,60372
2003-06-28,58343
2003-07-05,60726
2003-07-12,64046
2003-07-19,56602
2003-07-26,51814
2003-08-02,51897
2003-08-09,53499
2003-08-16,44699
2003-08-23,49556
2003-08-30,50773
2003-09-06,45857
2003-09-13,51072
2003-09-20,48788
2003-09-27,46779
2003-10-04,58249
2003-10-11,58354
2003-10-18,54622
2003-10-25,68161
2003-11-01,55349
2003-11-08,64012
2003-11-15,54235
2003-11-22,61275
2003-11-29,41646
2003-12-06,58211
2003-12-13,48567
2003-12-20,45409
2003-12-27,49190
2004-01-03,43502
2004-01-10,58359
2004-01-17,58194
2004-01-24,49731
2004-01-31,57363
2004-02-07,57797
2004-02-14,44918
2004-02-21,48756
2004-02-28,58475
2004-03-06,51112
2004-03-13,48870
2004-03-20,46038
2004-03-27,44090
2004-04-03,42177
2004-04-10,54245
2004-04-17,47526
2004-04-24,47126
2004-05-01,43533
2004-05-08,45263
2004-05-15,43540
2004-05-22,42418
2004-05-29,40887
2004-06-05,43515
2004-06-12,43020
2004-06-19,49026
2004-06-26,45294
2004-07-03,47510
2004-07-10,48174
2004-07-17,45609
2004-07-24,42842
2004-07-31,41593
2004-08-07,43464
2004-08-14,39921
2004-08-21,40049
2004-08-28,37983
2004-09-04,40811
2004-09-11,35444
2004-09-18,40027
2004-09-25,39044
2004-10-02,43109
2004-10-09,46299
2004-10-16,37885
2004-10-23,49446
2004-10-30,48952
2004-11-06,52443
2004-11-13,46177
2004-11-20,51829
2004-11-27,37344
2004-12-04,51358
2004-12-11,47257
2004-12-18,44226
2004-12-25,48265
2005-01-01,49862
2005-01-08,61905
2005-01-15,59409
2005-01-22,47959
2005-01-29,50224
2005-02-05,50028
2005-02-12,46255
2005-02-19,47576
2005-02-26,44700
2005-03-05,45977
2005-03-12,45024
2005-03-19,40097
2005-03-26,45524
2005-04-02,36989
2005-04-09,48102
2005-04-16,41702
2005-04-23,44959
2005-04-30,42605
2005-05-07,41239
2005-05-14,39207
2005-05-21,39017
2005-05-28,38090
2005-06-04,35618
2005-06-11,40205
2005-06-18,40344
2005-06-25,39619
2005-07-02,39372
2005-07-09,37639
2005-07-16,40345
2005-07-23,37170
2005-07-30,36238
2005-08-06,37846
2005-08-13,34784
2005-08-20,33336
2005-08-27,33672
2005-09-03,33573
2005-09-10,30731
2005-09-17,36571
2005-09-24,34444
2005-10-01,34561
2005-10-08,39615
2005-10-15,31362
2005-10-22,40537
2005-10-29,38727
2005-11-05,39579
2005-11-12,35798
2005-11-19,44425
2005-11-26,30023
2005-12-03,53024
2005-12-10,39246
2005-12-17,41593
2005-12-24,46591
2005-12-31,35908
2006-01-07,52543
2006-01-14,47631
2006-01-21,41989
2006-01-28,41122
2006-02-04,42128
2006-02-11,43905
2006-02-18,35837
2006-02-25,34910
2006-03-04,42829
2006-03-11,46332
2006-03-18,39447
2006-03-25,37614
2006-04-01,33437
2006-04-08,52555
2006-04-15,41016
2006-04-22,41460
2006-04-29,39703
2006-05-06,40393
2006-05-13,38419
2006-05-20,37179
2006-05-27,39232
2006-06-03,33110
2006-06-10,35643
2006-06-17,40252
2006-06-24,40036
2006-07-01,38818
2006-07-08,42197
2006-07-15,40723
2006-07-22,36123
2006-07-29,39692
2006-08-05,38650
2006-08-12,36662
2006-08-19,36126
2006-08-26,36196
2006-09-02,35284
2006-09-09,30767
2006-09-16,35480
2006-09-23,36282
2006-09-30,36027
2006-10-07,40188
2006-10-14,38388
2006-10-21,37676
2006-10-28,41061
2006-11-04,40827
2006-11-11,41241
2006-11-18,51190
2006-11-25,40320
2006-12-02,49679
2006-12-09,41293
2006-12-16,47305
2006-12-23,49129
2006-12-30,40045
2007-01-06,44405
2007-01-13,54520
2007-01-20,43524
2007-01-27,49038
2007-02-03,47582
2007-02-10,46512
2007-02-17,43754
2007-02-24,39374
2007-03-03,45770
2007-03-10,42589
2007-03-17,38510
2007-03-24,40364
2007-03-31,38875
2007-04-07,47519
2007-04-14,42210
2007-04-21,42973
2007-04-28,42595
2007-05-05,41866
2007-05-12,40345
2007-05-19,40953
2007-05-26,41041
2007-06-02,34093
2007-06-09,44426
2007-06-16,43362
2007-06-23,42728
2007-06-30,43889
2007-07-07,45912
2007-07-14,43517
2007-07-21,41005
2007-07-28,41351
2007-08-04,39352
2007-08-11,41925
2007-08-18,37942
2007-08-25,40150
2007-09-01,38814
2007-09-08,34465
2007-09-15,39835
2007-09-22,39782
2007-09-29,39485
2007-10-06,45802
2007-10-13,40885
2007-10-20,47912
2007-10-27,48901
2007-11-03,49976
2007-11-10,55672
2007-11-17,49767
2007-11-24,39332
2007-12-01,56199
2007-12-08,55762
2007-12-15,50408
2007-12-22,56753
2007-12-29,42300
2008-01-05,44124
2008-01-12,71318
2008-01-19,56986
2008-01-26,57219
2008-02-02,54370
2008-02-09,62227
2008-02-16,46200
2008-02-23,49222
2008-03-01,50509
2008-03-08,54264
2008-03-15,49248
2008-03-22,48438
2008-03-29,46843
2008-04-05,48794
2008-04-12,57585
2008-04-19,52455
2008-04-26,50766
2008-05-03,48999
2008-05-10,48670
2008-05-17,47730
2008-05-24,47023
2008-05-31,42272
2008-06-07,53050
2008-06-14,50940
2008-06-21,55995
2008-06-28,54764
2008-07-05,50186
2008-07-12,59602
2008-07-19,58053
2008-07-26,61964
2008-08-02,63171
2008-08-09,59209
2008-08-16,51347
2008-08-23,52045
2008-08-30,51832
2008-09-06,48594
2008-09-13,53273
2008-09-20,53416
2008-09-27,54071
2008-10-04,60074
2008-10-11,62855
2008-10-18,62853
2008-10-25,67470
2008-11-01,63867
2008-11-08,79399
2008-11-15,69963
2008-11-22,80845
2008-11-29,60541
2008-12-06,83504
2008-12-13,67011
2008-12-20,87877
2008-12-27,78175
2009-01-03,63379
2009-01-10,85952
2009-01-17,87778
2009-01-24,75704
2009-01-31,95705
2009-02-07,90456
2009-02-14,73906
2009-02-21,76583
2009-02-28,84348
2009-03-07,83071
2009-03-14,74516
2009-03-21,81236
2009-03-28,74179
2009-04-04,69471
2009-04-11,75875
2009-04-18,84410
2009-04-25,73577
2009-05-02,72078
2009-05-09,62026
2009-05-16,67473
2009-05-23,68156
2009-05-30,64605
2009-06-06,69499
2009-06-13,72039
2009-06-20,86609
2009-06-27,83690
2009-07-04,79397
2009-07-11,77642
2009-07-18,81932
2009-07-25,80794
2009-08-01,73536
2009-08-08,67901
2009-08-15,61615
2009-08-22,70247
2009-08-29,69273
2009-09-05,66522
2009-09-12,64433
2009-09-19,69545
2009-09-26,74012
2009-10-03,70101
2009-10-10,63039
2009-10-17,68813
2009-10-24,83207
2009-10-31,76455
2009-11-07,77701
2009-11-14,69714
2009-11-21,84510
2009-11-28,55838
2009-12-05,84196
2009-12-12,73681
2009-12-19,80998
2009-12-26,57838
2010-01-02,55554
2010-01-09,71714
2010-01-16,115462
2010-01-23,92788
2010-01-30,94784
2010-02-06,81249
2010-02-13,75709
2010-02-20,63709
2010-02-27,79821
2010-03-06,72586
2010-03-13,76020
2010-03-20,70840
2010-03-27,72141
2010-04-03,69168
2010-04-10,92953
2010-04-17,77573
2010-04-24,83991
2010-05-01,65445
2010-05-08,73796
2010-05-15,71635
2010-05-22,70429
2010-05-29,72510
2010-06-05,62124
2010-06-12,79696
2010-06-19,76067
2010-06-26,78292
2010-07-03,80625
2010-07-10,72591
2010-07-17,92400
2010-07-24,73293
2010-07-31,72028
2010-08-07,76421
2010-08-14,71146
2010-08-21,65163
2010-08-28,61036
2010-09-04,61371
2010-09-11,50617
2010-09-18,65770
2010-09-25,74730
2010-10-02,68599
2010-10-09,76528
2010-10-16,62827
2010-10-23,66582
2010-10-30,72969
2010-11-06,72806
2010-11-13,67762
2010-11-20,72204
2010-11-27,63884
2010-12-04,77469
2010-12-11,78671
2010-12-18,71015
2010-12-25,86987
2011-01-01,73293
2011-01-08,90829
2011-01-15,76520
2011-01-22,62745
2011-01-29,75019
2011-02-05,73325
2011-02-12,70262
2011-02-19,68060
2011-02-26,55330
2011-03-05,68718
2011-03-12,63228
2011-03-19,61078
2011-03-26,64658
2011-04-02,56563
2011-04-09,82209
2011-04-16,64192
2011-04-23,63828
2011-04-30,60683
2011-05-07,64698
2011-05-14,57870
2011-05-21,64923
2011-05-28,63309
2011-06-04,60799
2011-06-11,64683
2011-06-18,69076
2011-06-25,74451
2011-07-02,76392
2011-07-09,60641
2011-07-16,81454
2011-07-23,57765
2011-07-30,56781
2011-08-06,64629
2011-08-13,53717
2011-08-20,54332
2011-08-27,57669
2011-09-03,57093
2011-09-10,53772
2011-09-17,54840
2011-09-24,53619
2011-10-01,56146
2011-10-08,70028
2011-10-15,61086
2011-10-22,68262
2011-10-29,62629
2011-11-05,64078
2011-11-12,54696
2011-11-19,73916
2011-11-26,46476
2011-12-03,74256
2011-12-10,58673
2011-12-17,63427
2011-12-24,79917
2011-12-31,55948
2012-01-07,78116
2012-01-14,79798
2012-01-21,59100
2012-01-28,63671
2012-02-04,69535
2012-02-11,61073
2012-02-18,59621
2012-02-25,55090
2012-03-03,59410
2012-03-10,54714
2012-03-17,53111
2012-03-24,55310
2012-03-31,54627
2012-04-07,61214
2012-04-14,64274
2012-04-21,63217
2012-04-28,56427
2012-05-05,58040
2012-05-12,54562
2012-05-19,57278
2012-05-26,56934
2012-06-02,52766
2012-06-09,65753
2012-06-16,57737
2012-06-23,65976
2012-06-30,67021
2012-07-07,58005
2012-07-14,84249
2012-07-21,52142
2012-07-28,47404
2012-08-04,50473
2012-08-11,58414
2012-08-18,52865
2012-08-25,51108
2012-09-01,51062
2012-09-08,42899
2012-09-15,61421
2012-09-22,47894
2012-09-29,49963
2012-10-06,44984
2012-10-13,71919
2012-10-20,55333
2012-10-27,56472
2012-11-03,48323
2012-11-10,73016
2012-11-17,46679
2012-11-24,39626
2012-12-01,64037
2012-12-08,69989
2012-12-15,63122
2012-12-22,51333
2012-12-29,53345
2013-01-05,62036
2013-01-12,72268
2013-01-19,68650
2013-01-26,48236
2013-02-02,60020
2013-02-09,55190
2013-02-16,81873
2013-02-23,41521
2013-03-02,53241
2013-03-09,47052
2013-03-16,50059
2013-03-23,58771
2013-03-30,56110
2013-04-06,43217
2013-04-13,67520
2013-04-20,50839
2013-04-27,47118
2013-05-04,47193
2013-05-11,62253
2013-05-18,45919
2013-05-25,54541
2013-06-01,45745
2013-06-08,44536
2013-06-15,59877
2013-06-22,66058
2013-06-29,56735
2013-07-06,52470
2013-07-13,59269
2013-07-20,66992
2013-07-27,45513
2013-08-03,49228
2013-08-10,45123
2013-08-17,50990
2013-08-24,48446
2013-08-31,43458
2013-09-07,18046
2013-09-14,40657
2013-09-21,36903
2013-09-28,37948
2013-10-05,71602
2013-10-12,83383
2013-10-19,70350
2013-10-26,65890
2013-11-02,63422
2013-11-09,68159
2013-11-16,63515
2013-11-23,71841
2013-11-30,51921
2013-12-07,73797
2013-12-14,78419
2013-12-21,72990
2013-12-28,58355
2014-01-04,54871
2014-01-11,63190
2014-01-18,74898
2014-01-25,72535
2014-02-01,62904
2014-02-08,64049
2014-02-15,69881
2014-02-22,64908
2014-03-01,59143
2014-03-08,57881
2014-03-15,61070
2014-03-22,52345
2014-03-29,69971
2014-04-05,56079
2014-04-12,65292
2014-04-19,62405
2014-04-26,61168
2014-05-03,57455
2014-05-10,49804
2014-05-17,54281
2014-05-24,53111
2014-05-31,51167
2014-06-07,61102
2014-06-14,61772
2014-06-21,62327
2014-06-28,55033
2014-07-05,51025
2014-07-12,62151
2014-07-19,55929
2014-07-26,54180
2014-08-02,44936
2014-08-09,55043
2014-08-16,46272
2014-08-23,47139
2014-08-30,48702
2014-09-06,37734
2014-09-13,43003
2014-09-20,51833
2014-09-27,44118
2014-10-04,45943
2014-10-11,46671
2014-10-18,49425
2014-10-25,52364
2014-11-01,48514
2014-11-08,58026
2014-11-15,40438
2014-11-22,59611
2014-11-29,45792
2014-12-06,51843
2014-12-13,63637
2014-12-20,47498
2014-12-27,54045
2015-01-03,40784
2015-01-10,66906
2015-01-17,62191
2015-01-24,40605
2015-01-31,58673
2015-02-07,61006
2015-02-14,46871
2015-02-21,43039
2015-02-28,47589
2015-03-07,45764
2015-03-14,46784
2015-03-21,44249
2015-03-28,43250
2015-04-04,39603
2015-04-11,50178
2015-04-18,51521
2015-04-25,47303
2015-05-02,45550
2015-05-09,45289
2015-05-16,42759
2015-05-23,42678
2015-05-30,34787
2015-06-06,45704
2015-06-13,43112
2015-06-20,45297
2015-06-27,48227
2015-07-04,53941
2015-07-11,46942
2015-07-18,48890
2015-07-25,45028
2015-08-01,41871
2015-08-08,44369
2015-08-15,44200
2015-08-22,42898
2015-08-29,41597
2015-09-05,42125
2015-09-12,36839
2015-09-19,40564
2015-09-26,40180
2015-10-03,42531
2015-10-10,44298
2015-10-17,43592
2015-10-24,45861
2015-10-31,48011
2015-11-07,47675
2015-11-14,45851
2015-11-21,53792
2015-11-28,33484
2015-12-05,55971
2015-12-12,55903
2015-12-19,53000
2015-12-26,43100
2016-01-02,40909
2016-01-09,58280
2016-01-16,74705
2016-01-23,53436
2016-01-30,50563
2016-02-06,49006
2016-02-13,47599
2016-02-20,42084
2016-02-27,46430
2016-03-05,45142
2016-03-12,46501
2016-03-19,44151
2016-03-26,43613
2016-04-02,36495
2016-04-09,49058
2016-04-16,50147
2016-04-23,46601
2016-04-30,42674
2016-05-07,41853
2016-05-14,43498
2016-05-21,40546
2016-05-28,44373
2016-06-04,35335
2016-06-11,54097
2016-06-18,44571
2016-06-25,49734
2016-07-02,45915
2016-07-09,39137
2016-07-16,44078
2016-07-23,42549
2016-07-30,43036
2016-08-06,43415
2016-08-13,41738
2016-08-20,38776
2016-08-27,40404
2016-09-03,40240
2016-09-10,35613
2016-09-17,38765
2016-09-24,38021
2016-10-01,38281
2016-10-08,43422
2016-10-15,46010
2016-10-22,44406
2016-10-29,46393
2016-11-05,47345
2016-11-12,39455
2016-11-19,53669
2016-11-26,42330
2016-12-03,53810
2016-12-10,50637
2016-12-17,50254
2016-12-24,52811
2016-12-31,37975
2017-01-07,43975
2017-01-14,60959
2017-01-21,61914
2017-01-28,53825
2017-02-04,45464
2017-02-11,49677
2017-02-18,48928
2017-02-25,43328
2017-03-04,45208
2017-03-11,45766
2017-03-18,41002
2017-03-25,42605
2017-04-01,35367
2017-04-08,43753
2017-04-15,47139
2017-04-22,45118
2017-04-29,43906
2017-05-06,43076
2017-05-13,37564
2017-05-20,38020
2017-05-27,42833
2017-06-03,34520
2017-06-10,40929
2017-06-17,42543
2017-06-24,46687
2017-07-01,46015
2017-07-08,37798
2017-07-15,44660
2017-07-22,44966
2017-07-29,42475
2017-08-05,39523
2017-08-12,37072
2017-08-19,37843
2017-08-26,38819
2017-09-02,37777
2017-09-09,30402
2017-09-16,39899
2017-09-23,39371
2017-09-30,37388
2017-10-07,41888
2017-10-14,40977
2017-10-21,41871
2017-10-28,43283
2017-11-04,43653
2017-11-11,44894
2017-11-18,50994
2017-11-25,35936
2017-12-02,54267
2017-12-09,47792
2017-12-16,47721
2017-12-23,45239
2017-12-30,35363
2018-01-06,47290
2018-01-13,58962
2018-01-20,51749
2018-01-27,49062
2018-02-03,43687
2018-02-10,41154
2018-02-17,40230
2018-02-24,31072
2018-03-03,42718
2018-03-10,44552
2018-03-17,42127
2018-03-24,39173
2018-03-31,39130
2018-04-07,41072
2018-04-14,45026
2018-04-21,40673
2018-04-28,39940
2018-05-05,39065
2018-05-12,39382
2018-05-19,41544
2018-05-26,37545
2018-06-02,35607
2018-06-09,40198
2018-06-16,41417
2018-06-23,46837
2018-06-30,40433
2018-07-07,35046
2018-07-14,41391
2018-07-21,39610
2018-07-28,36564
2018-08-04,37852
2018-08-11,36609
2018-08-18,37154
2018-08-25,35722
2018-09-01,35413
2018-09-08,31348
2018-09-15,33418
2018-09-22,34363
2018-09-29,33403
2018-10-06,38015
2018-10-13,40612
2018-10-20,39783
2018-10-27,38096
2018-11-03,40888
2018-11-10,45094
2018-11-17,38233
2018-11-24,33988
2018-12-01,55049
2018-12-08,47395
2018-12-15,47515
2018-12-22,48469
2018-12-29,38362
2019-01-05,38536
2019-01-12,53519
2019-01-19,48844
2019-01-26,56886
2019-02-02,48904
2019-02-09,44850
2019-02-16,43516
2019-02-23,34449
2019-03-02,41085
2019-03-09,40896
2019-03-16,41128
2019-03-23,39832
2019-03-30,38528
2019-04-06,36227
2019-04-13,39429
2019-04-20,43900
2019-04-27,40312
2019-05-04,38392
2019-05-11,39618
2019-05-18,37428
2019-05-25,38275
2019-06-01,34781
2019-06-08,41288
2019-06-15,38753
2019-06-22,44396
2019-06-29,42404
2019-07-06,35194
2019-07-13,39061
2019-07-20,39341
2019-07-27,38438
2019-08-03,36041
2019-08-10,41404
2019-08-17,35430
2019-08-24,34596
2019-08-31,34358
2019-09-07,30771
2019-09-14,34650
2019-09-21,35161
2019-09-28,33226
2019-10-05,33326
2019-10-12,40182
2019-10-19,39191
2019-10-26,41081
2019-11-02,39332
2019-11-09,45816
2019-11-16,40749
2019-11-23,49133
2019-11-30,36457
2019-12-07,48434
2019-12-14,47521
2019-12-21,49943
2019-12-28,34301
2020-01-04,36720
2020-01-11,51993
2020-01-18,64858
2020-01-25,45596
2020-02-01,43458
2020-02-08,40392
2020-02-15,43445
2020-02-22,34979
2020-02-29,41678
2020-03-07,43385
2020-03-14,57606
2020-03-21,186333
2020-03-28,1058325
2020-04-04,918814
2020-04-11,655472
2020-04-18,528360
2020-04-25,325343
2020-05-02,316257
2020-05-09,212667
2020-05-16,244431
2020-05-23,203262
2020-05-30,228634
2020-06-06,255836
2020-06-13,241424
2020-06-20,284494
2020-06-27,277362
2020-07-04,264791
2020-07-11,284914
2020-07-18,289594
2020-07-25,244653
2020-08-01,222043
2020-08-08,202509
2020-08-15,190354
2020-08-22,196916
2020-08-29,219563
2020-09-05,243404
2020-09-12,226004
2020-09-19,226179
2020-09-26,171220
2020-10-03,148213
2020-10-10,176083
2020-10-17,159876
2020-10-24,152176
2020-10-31,152480
2020-11-07,157773
2020-11-14,158825
2020-11-21,168186
2020-11-28,130383
2020-12-05,178724
2020-12-12,204388
2020-12-19,158661
2020-12-26,168732
2021-01-02,160989
2021-01-09,182625
2021-01-16,117242
2021-01-23,58226
2021-01-30,109251
2021-02-06,137939
2021-02-13,139603
2021-02-20,90465
2021-02-27,88978
2021-03-06,106771
2021-03-13,109327
2021-03-20,95996
2021-03-27,106404
2021-04-03,81373
2021-04-10,69458
2021-04-17,72875
2021-04-24,78606
2021-05-01,70760
2021-05-08,69927
2021-05-15,70282
2021-05-22,71055
2021-05-29,72003
2021-06-05,52883
2021-06-12,68014
2021-06-19,63902
2021-06-26,56259
2021-07-03,58847
2021-07-10,56925
2021-07-17,56481
2021-07-24,64491
2021-07-31,62209
2021-08-07,65476
2021-08-14,64714
2021-08-21,63346
2021-08-28,56337
2021-09-04,57546
2021-09-11,51596
2021-09-18,68814
2021-09-25,78721
2021-10-02,63988
2021-10-09,63137
2021-10-16,72885
2021-10-23,59747
2021-10-30,59255
2021-11-06,55033
2021-11-13,59723
2021-11-20,52490
2021-11-27,46877
2021-12-04,55364
2021-12-11,55938
2021-12-18,56171
2021-12-25,48851
2022-01-01,50174
2022-01-08,61469
2022-01-15,62274
2022-01-22,54196
2022-01-29,51601
2022-02-05,47354
2022-02-12,45736
2022-02-19,43554
2022-02-26,38142
2022-03-05,43612
2022-03-12,44886
2022-03-19,39055
2022-03-26,42311
2022-04-02,43393
2022-04-09,46608
2022-04-16,46300
2022-04-23,43440
2022-04-30,40624
2022-05-07,43670
2022-05-14,45638
2022-05-21,39519
2022-05-28,41430
2022-06-04,41233
2022-06-11,45184
2022-06-18,43995
2022-06-25,41491
2022-07-02,44314
2022-07-09,40513
2022-07-16,43194
2022-07-23,40072
2022-07-30,39677
2022-08-06,42436
2022-08-13,39251
2022-08-20,37121
2022-08-27,36319
2022-09-03,36558
2022-09-10,33494
2022-09-17,34624
2022-09-24,34359
2022-10-01,35612
2022-10-08,40608
2022-10-15,37791
2022-10-22,38081
2022-10-29,40070
2022-11-05,43483
2022-11-12,43267
2022-11-19,47690
2022-11-26,36495
2022-12-03,51801
2022-12-10,46971
2022-12-17,44703
2022-12-24,41460
2022-12-31,42383
2023-01-07,59830
2023-01-14,63697
2023-01-21,48115
2023-01-28,45564
2023-02-04,52384
2023-02-11,48087
2023-02-18,43381
2023-02-25,40537
2023-03-04,50455
2023-03-11,47643
2023-03-18,44830
2023-03-25,46783
2023-04-01,39950
2023-04-08,50590
2023-04-15,46134
2023-04-22,42380
2023-04-29,43095
2023-05-06,45092
2023-05-13,44823
2023-05-20,44348
2023-05-27,43577
2023-06-03,47680
2023-06-10,48068
2023-06-17,54347
2023-06-24,43391
2023-07-01,44719
2023-07-08,45162
2023-07-15,49037
2023-07-22,43727
2023-07-29,40619
2023-08-05,42982
2023-08-12,39023
2023-08-19,37940
2023-08-26,37862
2023-09-02,38418
2023-09-09,36538
2023-09-16,35040
2023-09-23,37752
2023-09-30,38954
2023-10-07,42803
2023-10-14,40753
2023-10-21,40579
2023-10-28,41421
2023-11-04,44331
2023-11-11,44350
2023-11-18,51701
2023-11-25,37478
2023-12-02,50956
2023-12-09,47338
2023-12-16,43504
2023-12-23,48415
2023-12-30,40353
2024-01-06,49807
2024-01-13,51756
2024-01-20,47124
2024-01-27,52139
2024-02-03,47827
2024-02-10,49880
2024-02-17,40900
2024-02-24,41211
2024-03-02,46760
2024-03-09,47222
2024-03-16,41428
2024-03-23,40890
2024-03-30,43037
2024-04-06,42406
2024-04-13,44811
2024-04-20,45027
2024-04-27,39944
2024-05-04,43539
2024-05-11,42350
2024-05-18,39890
2024-05-25,38825
2024-06-01,40799
2024-06-08,50592
2024-06-15,46294
2024-06-22,45068
2024-06-29,46546
2024-07-06,40874
2024-07-13,47158
2024-07-20,41832
2024-07-27,40787
2024-08-03,41481
2024-08-10,38896
2024-08-17,39875
2024-08-24,38910
2024-08-31,38077
2024-09-07,36707
2024-09-14,37815
2024-09-21,37950
2024-09-28,38588
2024-10-05,42656
2024-10-12,42742
2024-10-19,40730
2024-10-26,38854
2024-11-02,42679
2024-11-09,48585
2024-11-16,43497
2024-11-23,48070
2024-11-30,37957
2024-12-07,52368
2024-12-14,47089
2024-12-21,48883
2024-12-28,39620
2025-01-04,41513
2025-01-11,54244
2025-01-18,59969
2025-01-25,45966
2025-02-01,49384
2025-02-08,50545
2025-02-15,45015
2025-02-22,42358
2025-03-01,42062
2025-03-08,46342
2025-03-15,42717
2025-03-22,40891
2025-03-29,41226
2025-04-05,46636
2025-04-12,43340
2025-04-19,42114
2025-04-26,41488
2025-05-03,42675
2025-05-10,40814
2025-05-17,40128
2025-05-24,41169
2025-05-31,40196
2025-06-07,49126
2025-06-14,47193
2025-06-21,46498
2025-06-28,43676
2025-07-05,45119
2025-07-12,46380
2025-07-19,41762
2025-07-26,40588
2025-08-02,39664
2025-08-09,40405
2025-08-16,38115
2025-08-23,37834
2025-08-30,38816
2025-09-06,37114
2025-09-13,35975
2025-09-20,37413
2025-09-27,37670
2025-10-04,41254
2025-10-11,43219
2025-10-18,43065
2025-10-25,40731
2025-11-01,41048
2025-11-08,47776
2025-11-15,45489
2025-11-22,53386
2025-11-29,33542
2025-12-06,47800
2025-12-13,46981
2025-12-20,47248
2025-12-27,40734
2026-01-03,45034
2026-01-10,50227
2026-01-17,55731
2026-01-24,43200
2026-01-31,43944
2026-02-07,45306
2026-02-14,42920
2026-02-21,42563
2026-02-28,41759
2026-03-07,42670
2026-03-14,38273
2026-03-21,37819
2026-03-28,38010
2026-04-04,40140
2026-04-11,40874
